<step title="Incoming Request" date="2025-12-13T07:02:33.658" instance="b4f4bd" url="/api/zipdeploy?isAsync=true&amp;deployer=GITHUB_ZIP_DEPLOY&amp;message=%7B%22type%22%3A%22deployment%22%2C%22sha%22%3A%2238d75e7f15e7558b4a36212f1a47e08d4352cd47%22%2C%22repoName%22%3A%22ganeshba5%2Figtaccounting%22%2C%22actor%22%3A%22ganeshba5%22%2C%22slotName%22%3A%22production%22%2C%22commitMessage%22%3A%22Fix%3A%20Remove%20invalid%20parameters%20from%20webapps-deploy%20action%22%7D" method="POST" type="request" pid="770,1,39" Host="igtacct-api-azaghzb4chhagvc3.scm.eastus-01.azurewebsites.net" User-Agent="GITHUBACTIONS_DeployWebAppToAzure_896b495d69d18a47268ec3cbd86451cf31d17392f2b6ce9a44cf0cad388b0727" Authorization="Bea..." Content-Type="application/octet-stream" Cookie="ARRAffinity=b4f4bdf7a0f4891ddf10f445d59660450c27445fa2cf77c0a1a8154f4ceae2b1;Path=/;HttpOnly;Secure;Domain=igtacct-api-azaghzb4chhagvc3.scm.eastus-01.azurewebsites.net; ARRAffinitySameSite=b4f4bdf7a0f4891ddf10f445d59660450c27445fa2cf77c0a1a8154f4ceae2b1;Path=/;HttpOnly;SameSite=None;Secure;Domain=igtacct-api-azaghzb4chhagvc3.scm.eastus-01.azurewebsites.net" Transfer-Encoding="chunked" X-ARR-LOG-ID="32ef6980-f935-410d-96da-13a755cb1453" CLIENT-IP="128.24.160.164:62464" X-SITE-DEPLOYMENT-ID="igtacct-api" WAS-DEFAULT-HOSTNAME="igtacct-api-azaghzb4chhagvc3.scm.eastus-01.azurewebsites.net" X-Forwarded-Proto="https" X-AppService-Proto="https" X-Forwarded-TlsVersion="1.3" X-WAWS-Unencoded-URL="/api/zipdeploy?isAsync=true&amp;deployer=GITHUB_ZIP_DEPLOY&amp;message=%7B%22type%22%3A%22deployment%22%2C%22sha%22%3A%2238d75e7f15e7558b4a36212f1a47e08d4352cd47%22%2C%22repoName%22%3A%22ganeshba5%2Figtaccounting%22%2C%22actor%22%3A%22ganeshba5%22%2C%22slotName%22%3A%22production%22%2C%22commitMessage%22%3A%22Fix%3A%20Remove%20invalid%20parameters%20from%20webapps-deploy%20action%22%7D" X-Client-IP="128.24.160.164" X-Client-Port="62464" >
  <step title="ZipPushDeploy" date="2025-12-13T07:02:33.672" >
    <step title="ZipDeploy. Extract zip. Remote build." date="2025-12-13T07:02:33.686" /><!-- duration: 8ms -->
    <step title="Starting PushDeployAsync" date="2025-12-13T07:02:33.704" /><!-- duration: 7ms -->
    <step title="Writing artifact to /tmp/zipdeploy/d9844604-e8c8-4187-aca4-6ed4940854e4.zip" date="2025-12-13T07:02:33.745" >
      <step title="Writing multipart request body to /tmp/zipdeploy/d9844604-e8c8-4187-aca4-6ed4940854e4.zip" date="2025-12-13T07:02:33.753" /><!-- duration: 13ms -->
    </step><!-- duration: 99ms -->
    <step title="Start deployment in the background" date="2025-12-13T07:02:33.888" >
      <step title="Acquiring Deployment Lock" date="2025-12-13T07:02:33.910" /><!-- duration: 8ms -->
      <step title="Acquired Deployment Lock" date="2025-12-13T07:02:33.957" /><!-- duration: 8ms -->
    </step><!-- duration: 193ms -->
  </step><!-- duration: 428ms -->
  <step title="Outgoing response" date="2025-12-13T07:02:34.121" type="response" statusCode="202" statusText="Accepted" /><!-- duration: 13ms -->
</step><!-- duration: 483ms -->
