<step title="Incoming Request" date="2025-12-13T01:09:59.944" instance="9e89c1" url="/api/zipdeploy?isAsync=true&amp;deployer=GITHUB_ZIP_DEPLOY&amp;message=%7B%22type%22%3A%22deployment%22%2C%22sha%22%3A%22ca0ac2c34a16d57ac0ac935147407693372aa161%22%2C%22repoName%22%3A%22ganeshba5%2Figtaccounting%22%2C%22actor%22%3A%22ganeshba5%22%2C%22slotName%22%3A%22production%22%2C%22commitMessage%22%3A%22Fix%3A%20Change%20build%20output%20from%20dist%20to%20build%20for%20Azure%20Static%20Web%20Apps%22%7D" method="POST" type="request" pid="768,1,53" Host="igtacct-api-azaghzb4chhagvc3.scm.eastus-01.azurewebsites.net" User-Agent="GITHUBACTIONS_DeployWebAppToAzure_896b495d69d18a47268ec3cbd86451cf31d17392f2b6ce9a44cf0cad388b0727" Authorization="Bea..." Content-Type="application/octet-stream" Cookie="ARRAffinity=9e89c1d60cfdd954c8867d82790648aafd773e27a2d4103f500276884301a0da;Path=/;HttpOnly;Secure;Domain=igtacct-api-azaghzb4chhagvc3.scm.eastus-01.azurewebsites.net; ARRAffinitySameSite=9e89c1d60cfdd954c8867d82790648aafd773e27a2d4103f500276884301a0da;Path=/;HttpOnly;SameSite=None;Secure;Domain=igtacct-api-azaghzb4chhagvc3.scm.eastus-01.azurewebsites.net" Transfer-Encoding="chunked" X-ARR-LOG-ID="b3323819-b690-4c21-87f1-9af1a1200e44" CLIENT-IP="172.174.165.3:22528" X-SITE-DEPLOYMENT-ID="igtacct-api" WAS-DEFAULT-HOSTNAME="igtacct-api-azaghzb4chhagvc3.scm.eastus-01.azurewebsites.net" X-Forwarded-Proto="https" X-AppService-Proto="https" X-Forwarded-TlsVersion="1.3" X-WAWS-Unencoded-URL="/api/zipdeploy?isAsync=true&amp;deployer=GITHUB_ZIP_DEPLOY&amp;message=%7B%22type%22%3A%22deployment%22%2C%22sha%22%3A%22ca0ac2c34a16d57ac0ac935147407693372aa161%22%2C%22repoName%22%3A%22ganeshba5%2Figtaccounting%22%2C%22actor%22%3A%22ganeshba5%22%2C%22slotName%22%3A%22production%22%2C%22commitMessage%22%3A%22Fix%3A%20Change%20build%20output%20from%20dist%20to%20build%20for%20Azure%20Static%20Web%20Apps%22%7D" X-Client-IP="172.174.165.3" X-Client-Port="22528" >
  <step title="ZipPushDeploy" date="2025-12-13T01:09:59.964" >
    <step title="ZipDeploy. Extract zip." date="2025-12-13T01:09:59.977" /><!-- duration: 8ms -->
    <step title="Starting PushDeployAsync" date="2025-12-13T01:09:59.999" /><!-- duration: 10ms -->
    <step title="Writing artifact to /tmp/zipdeploy/08231e6f-db17-47e6-b9af-01f87853eda2.zip" date="2025-12-13T01:10:00.039" >
      <step title="Writing multipart request body to /tmp/zipdeploy/08231e6f-db17-47e6-b9af-01f87853eda2.zip" date="2025-12-13T01:10:00.045" /><!-- duration: 8ms -->
    </step><!-- duration: 28ms -->
    <step title="Start deployment in the background" date="2025-12-13T01:10:00.090" >
      <step title="Acquiring Deployment Lock" date="2025-12-13T01:10:00.111" /><!-- duration: 6ms -->
      <step title="Acquired Deployment Lock" date="2025-12-13T01:10:00.157" /><!-- duration: 6ms -->
    </step><!-- duration: 172ms -->
  </step><!-- duration: 304ms -->
  <step title="Outgoing response" date="2025-12-13T01:10:00.276" type="response" statusCode="202" statusText="Accepted" /><!-- duration: 13ms -->
</step><!-- duration: 352ms -->
