<step title="Incoming Request" date="2025-12-13T06:58:22.994" instance="b4f4bd" url="/api/zipdeploy?isAsync=true&amp;deployer=GITHUB_ZIP_DEPLOY&amp;message=%7B%22type%22%3A%22deployment%22%2C%22sha%22%3A%2290a1541290d7a81521a8329c341240bc231ed2eb%22%2C%22repoName%22%3A%22ganeshba5%2Figtaccounting%22%2C%22actor%22%3A%22ganeshba5%22%2C%22slotName%22%3A%22production%22%2C%22commitMessage%22%3A%22Fix%3A%20Improve%20CORS%20origins%20parsing%20with%20proper%20whitespace%20handling%22%7D" method="POST" type="request" pid="770,1,40" Host="igtacct-api-azaghzb4chhagvc3.scm.eastus-01.azurewebsites.net" User-Agent="GITHUBACTIONS_DeployWebAppToAzure_896b495d69d18a47268ec3cbd86451cf31d17392f2b6ce9a44cf0cad388b0727" Authorization="Bea..." Content-Type="application/octet-stream" Cookie="ARRAffinity=b4f4bdf7a0f4891ddf10f445d59660450c27445fa2cf77c0a1a8154f4ceae2b1;Path=/;HttpOnly;Secure;Domain=igtacct-api-azaghzb4chhagvc3.scm.eastus-01.azurewebsites.net; ARRAffinitySameSite=b4f4bdf7a0f4891ddf10f445d59660450c27445fa2cf77c0a1a8154f4ceae2b1;Path=/;HttpOnly;SameSite=None;Secure;Domain=igtacct-api-azaghzb4chhagvc3.scm.eastus-01.azurewebsites.net" Transfer-Encoding="chunked" X-ARR-LOG-ID="184a85a5-c2e4-43d8-81c1-adc00e1eff32" CLIENT-IP="20.171.127.97:4096" X-SITE-DEPLOYMENT-ID="igtacct-api" WAS-DEFAULT-HOSTNAME="igtacct-api-azaghzb4chhagvc3.scm.eastus-01.azurewebsites.net" X-Forwarded-Proto="https" X-AppService-Proto="https" X-Forwarded-TlsVersion="1.3" X-WAWS-Unencoded-URL="/api/zipdeploy?isAsync=true&amp;deployer=GITHUB_ZIP_DEPLOY&amp;message=%7B%22type%22%3A%22deployment%22%2C%22sha%22%3A%2290a1541290d7a81521a8329c341240bc231ed2eb%22%2C%22repoName%22%3A%22ganeshba5%2Figtaccounting%22%2C%22actor%22%3A%22ganeshba5%22%2C%22slotName%22%3A%22production%22%2C%22commitMessage%22%3A%22Fix%3A%20Improve%20CORS%20origins%20parsing%20with%20proper%20whitespace%20handling%22%7D" X-Client-IP="20.171.127.97" X-Client-Port="4096" >
  <step title="ZipPushDeploy" date="2025-12-13T06:58:23.056" >
    <step title="ZipDeploy. Extract zip. Remote build." date="2025-12-13T06:58:23.099" /><!-- duration: 9ms -->
    <step title="Starting PushDeployAsync" date="2025-12-13T06:58:23.171" /><!-- duration: 34ms -->
    <step title="Writing artifact to /tmp/zipdeploy/8dd35fac-5ff4-41c0-a8ef-b16818b3677e.zip" date="2025-12-13T06:58:23.252" >
      <step title="Writing multipart request body to /tmp/zipdeploy/8dd35fac-5ff4-41c0-a8ef-b16818b3677e.zip" date="2025-12-13T06:58:23.260" /><!-- duration: 29ms -->
    </step><!-- duration: 109ms -->
    <step title="Removing previous build artifact&apos;s manifest file" date="2025-12-13T06:58:23.418" >
      <step title="Start deployment in the background" date="2025-12-13T06:58:23.464" >
        <step title="Acquiring Deployment Lock" date="2025-12-13T06:58:23.510" /><!-- duration: 20ms -->
        <step title="Acquired Deployment Lock" date="2025-12-13T06:58:23.682" /><!-- duration: 8ms -->
      </step><!-- duration: 357ms -->
    </step><!-- duration: 431ms -->
    <step title="Outgoing response" date="2025-12-13T06:58:23.857" type="response" statusCode="202" statusText="Accepted" /><!-- duration: 8ms -->
  </step><!-- duration: 816ms -->
