<step title="BackgroundTrace" date="2025-12-13T07:02:33.896" instance="b4f4bd" url="/api/zipdeploy" method="POST" >
  <step title="Creating temporary deployment - FetchDeploymentManager" date="2025-12-13T07:02:33.972" /><!-- duration: 5ms -->
  <step title="Creating temporary deployment" date="2025-12-13T07:02:33.985" /><!-- duration: 89ms -->
  <step title="Performing fetch based deployment" date="2025-12-13T07:02:34.169" >
    <step title="Cleaning up temp folders from previous zip deployments and extracting pushed zip file /tmp/zipdeploy/d9844604-e8c8-4187-aca4-6ed4940854e4.zip (0.64 MB) to /tmp/zipdeploy/extracted" date="2025-12-13T07:02:35.388" >
      <step title="ChmodRecursive Process exited with total time taken in ms: 231" date="2025-12-13T07:02:36.030" /><!-- duration: 19ms -->
    </step><!-- duration: 668ms -->
    <step title="Deployment timer started" date="2025-12-13T07:02:38.091" >
      <step title="DeploymentManager.Deploy(id:599185e8-4a87-4b65-b32b-96527031cdd4)" date="2025-12-13T07:02:38.102" >
        <step title="Collecting changeset information" date="2025-12-13T07:02:38.159" /><!-- duration: 119ms -->
        <step title="Updating submodules" date="2025-12-13T07:02:38.289" /><!-- duration: 1175ms -->
        <step title="Determining deployment builder" date="2025-12-13T07:02:39.734" >
          <step title="Builder is OryxBuilder" date="2025-12-13T07:02:39.768" /><!-- duration: 12ms -->
        </step><!-- duration: 53ms -->
        <step title="PreDeployment: context.CleanOutputPath False" date="2025-12-13T07:02:39.867" >
          <step title="PreDeployment: context.OutputPath /home/site/wwwroot" date="2025-12-13T07:02:40.000" >
            <step title="Building" date="2025-12-13T07:02:40.177" >
              <step title="Executing external process" date="2025-12-13T07:02:40.589" type="process" path="bash" arguments="-c &quot;oryx build /tmp/zipdeploy/extracted -o /home/site/wwwroot --platform python --platform-version 3.12 -p virtualenv_name=antenv --log-file /tmp/build-debug.log  -i /tmp/8de3a159abd3979 --compress-destination-dir | tee /tmp/oryx-build.log ; exit $PIPESTATUS &quot;" /><!-- duration: 54372ms -->
              <step title="Using PythonDeploymentLogParser" date="2025-12-13T07:03:36.003" /><!-- duration: 21ms -->
              <step title="Triggering recycle (preview mode disabled)." date="2025-12-13T07:03:37.481" /><!-- duration: 10ms -->
              <step title="Modified file to trigger a restart of the app container." date="2025-12-13T07:03:37.553" /><!-- duration: 17ms -->
              <step title="Skip function trigger and logicapp sync because function is not enabled." date="2025-12-13T07:03:37.591" /><!-- duration: 12ms -->
            </step><!-- duration: 58704ms -->
          </step><!-- duration: 58897ms -->
          <step title="Cleaning up temp files" date="2025-12-13T07:03:38.905" /><!-- duration: 382ms -->
          <step title="Cleaning up temp files" date="2025-12-13T07:03:39.299" /><!-- duration: 521ms -->
          <step title="Reloading status file with latest updates" date="2025-12-13T07:03:39.897" >
            <step title="WebHooksManager.PublishEventAsync: PostDeployment" date="2025-12-13T07:03:39.911" /><!-- duration: 52ms -->
          </step><!-- duration: 72ms -->
          <step title="Cleaning up temporary deployment - fetch deployment was successful" date="2025-12-13T07:03:39.980" /><!-- duration: 6ms -->
        </step><!-- duration: 60193ms -->
      </step><!-- duration: 61991ms -->
