<step title="Incoming Request" date="2025-12-13T07:08:56.002" instance="b4f4bd" url="/api/zipdeploy?isAsync=true&amp;deployer=GITHUB_ZIP_DEPLOY&amp;message=%7B%22type%22%3A%22deployment%22%2C%22sha%22%3A%22bd25c362052b74ea32e3796592aeb5c19be08d6b%22%2C%22repoName%22%3A%22ganeshba5%2Figtaccounting%22%2C%22actor%22%3A%22ganeshba5%22%2C%22slotName%22%3A%22production%22%2C%22commitMessage%22%3A%22Fix%3A%20Correct%20CORS%20fallback%20logic%20to%20always%20use%20fallback%20when%20env%20var%20parsing%20fails%22%7D" method="POST" type="request" pid="770,1,32" Host="igtacct-api-azaghzb4chhagvc3.scm.eastus-01.azurewebsites.net" User-Agent="GITHUBACTIONS_DeployWebAppToAzure_896b495d69d18a47268ec3cbd86451cf31d17392f2b6ce9a44cf0cad388b0727" Authorization="Bea..." Content-Type="application/octet-stream" Cookie="ARRAffinity=b4f4bdf7a0f4891ddf10f445d59660450c27445fa2cf77c0a1a8154f4ceae2b1;Path=/;HttpOnly;Secure;Domain=igtacct-api-azaghzb4chhagvc3.scm.eastus-01.azurewebsites.net; ARRAffinitySameSite=b4f4bdf7a0f4891ddf10f445d59660450c27445fa2cf77c0a1a8154f4ceae2b1;Path=/;HttpOnly;SameSite=None;Secure;Domain=igtacct-api-azaghzb4chhagvc3.scm.eastus-01.azurewebsites.net" Transfer-Encoding="chunked" X-ARR-LOG-ID="27f88539-fd76-450e-9f8d-abdf2a934484" CLIENT-IP="64.236.140.210:13328" X-SITE-DEPLOYMENT-ID="igtacct-api" WAS-DEFAULT-HOSTNAME="igtacct-api-azaghzb4chhagvc3.scm.eastus-01.azurewebsites.net" X-Forwarded-Proto="https" X-AppService-Proto="https" X-Forwarded-TlsVersion="1.3" X-WAWS-Unencoded-URL="/api/zipdeploy?isAsync=true&amp;deployer=GITHUB_ZIP_DEPLOY&amp;message=%7B%22type%22%3A%22deployment%22%2C%22sha%22%3A%22bd25c362052b74ea32e3796592aeb5c19be08d6b%22%2C%22repoName%22%3A%22ganeshba5%2Figtaccounting%22%2C%22actor%22%3A%22ganeshba5%22%2C%22slotName%22%3A%22production%22%2C%22commitMessage%22%3A%22Fix%3A%20Correct%20CORS%20fallback%20logic%20to%20always%20use%20fallback%20when%20env%20var%20parsing%20fails%22%7D" X-Client-IP="64.236.140.210" X-Client-Port="13328" >
  <step title="ZipPushDeploy" date="2025-12-13T07:08:56.095" >
    <step title="ZipDeploy. Extract zip. Remote build." date="2025-12-13T07:08:56.264" /><!-- duration: 71ms -->
    <step title="Starting PushDeployAsync" date="2025-12-13T07:08:56.618" /><!-- duration: 57ms -->
    <step title="Writing artifact to /tmp/zipdeploy/578cf6f2-bea1-42b7-b44a-deacdf842712.zip" date="2025-12-13T07:08:57.072" >
      <step title="Writing multipart request body to /tmp/zipdeploy/578cf6f2-bea1-42b7-b44a-deacdf842712.zip" date="2025-12-13T07:08:57.113" /><!-- duration: 99ms -->
    </step><!-- duration: 284ms -->
    <step title="Removing previous build artifact&apos;s manifest file" date="2025-12-13T07:08:57.474" >
      <step title="Start deployment in the background" date="2025-12-13T07:08:57.551" >
        <step title="Acquiring Deployment Lock" date="2025-12-13T07:08:57.685" /><!-- duration: 36ms -->
        <step title="Acquired Deployment Lock" date="2025-12-13T07:08:57.822" /><!-- duration: 41ms -->
      </step><!-- duration: 621ms -->
    </step><!-- duration: 719ms -->
    <step title="Outgoing response" date="2025-12-13T07:08:58.213" type="response" statusCode="202" statusText="Accepted" /><!-- duration: 17ms -->
  </step><!-- duration: 2147ms -->
