<step title="BackgroundTrace" date="2025-12-13T07:08:57.612" instance="b4f4bd" url="/api/zipdeploy" method="POST" >
  <step title="Creating temporary deployment - FetchDeploymentManager" date="2025-12-13T07:08:57.893" /><!-- duration: 11ms -->
  <step title="Creating temporary deployment" date="2025-12-13T07:08:57.933" /><!-- duration: 218ms -->
  <step title="Performing fetch based deployment" date="2025-12-13T07:08:58.293" >
    <step title="Cleaning up temp folders from previous zip deployments and extracting pushed zip file /tmp/zipdeploy/578cf6f2-bea1-42b7-b44a-deacdf842712.zip (0.64 MB) to /tmp/zipdeploy/extracted" date="2025-12-13T07:09:00.142" >
      <step title="ChmodRecursive Process exited with total time taken in ms: 212" date="2025-12-13T07:09:01.549" /><!-- duration: 36ms -->
    </step><!-- duration: 1514ms -->
    <step title="Deployment timer started" date="2025-12-13T07:09:03.721" >
      <step title="DeploymentManager.Deploy(id:ba0a0f47-1660-436d-89b5-d0f57c5e2589)" date="2025-12-13T07:09:03.736" >
        <step title="Collecting changeset information" date="2025-12-13T07:09:03.816" /><!-- duration: 220ms -->
        <step title="Updating submodules" date="2025-12-13T07:09:04.065" /><!-- duration: 1206ms -->
        <step title="Determining deployment builder" date="2025-12-13T07:09:05.566" >
          <step title="Builder is OryxBuilder" date="2025-12-13T07:09:05.600" /><!-- duration: 9ms -->
        </step><!-- duration: 72ms -->
        <step title="PreDeployment: context.CleanOutputPath False" date="2025-12-13T07:09:05.806" >
          <step title="PreDeployment: context.OutputPath /home/site/wwwroot" date="2025-12-13T07:09:06.065" >
            <step title="Building" date="2025-12-13T07:09:06.343" >
              <step title="Executing external process" date="2025-12-13T07:09:07.757" type="process" path="bash" arguments="-c &quot;oryx build /tmp/zipdeploy/extracted -o /home/site/wwwroot --platform python --platform-version 3.12 -p virtualenv_name=antenv --log-file /tmp/build-debug.log  -i /tmp/8de3a1680bb9f0d --compress-destination-dir | tee /tmp/oryx-build.log ; exit $PIPESTATUS &quot;" /><!-- duration: 91883ms -->
              <step title="Using PythonDeploymentLogParser" date="2025-12-13T07:10:40.276" /><!-- duration: 41ms -->
              <step title="Triggering recycle (preview mode disabled)." date="2025-12-13T07:10:42.615" /><!-- duration: 52ms -->
              <step title="Modified file to trigger a restart of the app container." date="2025-12-13T07:10:42.843" /><!-- duration: 17ms -->
              <step title="Skip function trigger and logicapp sync because function is not enabled." date="2025-12-13T07:10:42.891" /><!-- duration: 20ms -->
            </step><!-- duration: 99989ms -->
          </step><!-- duration: 100284ms -->
          <step title="Cleaning up temp files" date="2025-12-13T07:10:46.356" /><!-- duration: 1123ms -->
          <step title="Cleaning up temp files" date="2025-12-13T07:10:47.526" /><!-- duration: 534ms -->
          <step title="Reloading status file with latest updates" date="2025-12-13T07:10:48.109" >
            <step title="WebHooksManager.PublishEventAsync: PostDeployment" date="2025-12-13T07:10:48.119" /><!-- duration: 203ms -->
          </step><!-- duration: 232ms -->
          <step title="Cleaning up temporary deployment - fetch deployment was successful" date="2025-12-13T07:10:48.354" /><!-- duration: 10ms -->
        </step><!-- duration: 102656ms -->
      </step><!-- duration: 104770ms -->
