<step title="BackgroundTrace" date="2025-12-13T04:49:36.578" instance="b4f4bd" url="/api/zipdeploy" method="POST" >
  <step title="Creating temporary deployment - FetchDeploymentManager" date="2025-12-13T04:49:36.686" /><!-- duration: 5ms -->
  <step title="Creating temporary deployment" date="2025-12-13T04:49:36.719" /><!-- duration: 72ms -->
  <step title="Performing fetch based deployment" date="2025-12-13T04:49:36.933" >
    <step title="Cleaning up temp folders from previous zip deployments and extracting pushed zip file /tmp/zipdeploy/9e1ef35b-7149-4054-bcaf-a06ca349cd6c.zip (0.64 MB) to /tmp/zipdeploy/extracted" date="2025-12-13T04:49:38.312" >
      <step title="ChmodRecursive Process exited with total time taken in ms: 384" date="2025-12-13T04:49:38.998" /><!-- duration: 7ms -->
    </step><!-- duration: 702ms -->
    <step title="Deployment timer started" date="2025-12-13T04:49:41.050" >
      <step title="DeploymentManager.Deploy(id:6467ccb7-df6b-4831-8731-be534fca5e4c)" date="2025-12-13T04:49:41.070" >
        <step title="Collecting changeset information" date="2025-12-13T04:49:41.091" /><!-- duration: 131ms -->
        <step title="Updating submodules" date="2025-12-13T04:49:41.234" /><!-- duration: 1160ms -->
        <step title="Determining deployment builder" date="2025-12-13T04:49:42.645" >
          <step title="Builder is OryxBuilder" date="2025-12-13T04:49:42.671" /><!-- duration: 11ms -->
        </step><!-- duration: 44ms -->
        <step title="PreDeployment: context.CleanOutputPath False" date="2025-12-13T04:49:42.771" >
          <step title="PreDeployment: context.OutputPath /home/site/wwwroot" date="2025-12-13T04:49:42.930" >
            <step title="Building" date="2025-12-13T04:49:43.116" >
              <step title="Executing external process" date="2025-12-13T04:49:44.225" type="process" path="bash" arguments="-c &quot;oryx build /tmp/zipdeploy/extracted -o /home/site/wwwroot --platform python --platform-version 3.12 -p virtualenv_name=antenv --log-file /tmp/build-debug.log  -i /tmp/8de3a030804a5b8 --compress-destination-dir | tee /tmp/oryx-build.log ; exit $PIPESTATUS &quot;" /><!-- duration: 100885ms -->
              <step title="Using PythonDeploymentLogParser" date="2025-12-13T04:51:25.651" /><!-- duration: 6ms -->
              <step title="Triggering recycle (preview mode disabled)." date="2025-12-13T04:51:27.120" /><!-- duration: 18ms -->
              <step title="Modified file to trigger a restart of the app container." date="2025-12-13T04:51:27.193" /><!-- duration: 7ms -->
              <step title="Skip function trigger and logicapp sync because function is not enabled." date="2025-12-13T04:51:27.211" /><!-- duration: 19ms -->
            </step><!-- duration: 105086ms -->
          </step><!-- duration: 105286ms -->
          <step title="Cleaning up temp files" date="2025-12-13T04:51:28.222" /><!-- duration: 410ms -->
          <step title="Cleaning up temp files" date="2025-12-13T04:51:28.639" /><!-- duration: 513ms -->
          <step title="Reloading status file with latest updates" date="2025-12-13T04:51:29.213" >
            <step title="WebHooksManager.PublishEventAsync: PostDeployment" date="2025-12-13T04:51:29.238" /><!-- duration: 133ms -->
          </step><!-- duration: 174ms -->
          <step title="Cleaning up temporary deployment - fetch deployment was successful" date="2025-12-13T04:51:29.424" /><!-- duration: 9ms -->
        </step><!-- duration: 107043ms -->
      </step><!-- duration: 108794ms -->
