<step title="BackgroundTrace" date="2025-12-13T06:58:23.480" instance="b4f4bd" url="/api/zipdeploy" method="POST" >
  <step title="Creating temporary deployment - FetchDeploymentManager" date="2025-12-13T06:58:23.699" /><!-- duration: 5ms -->
  <step title="Creating temporary deployment" date="2025-12-13T06:58:23.713" /><!-- duration: 103ms -->
  <step title="Performing fetch based deployment" date="2025-12-13T06:58:23.886" >
    <step title="Cleaning up temp folders from previous zip deployments and extracting pushed zip file /tmp/zipdeploy/8dd35fac-5ff4-41c0-a8ef-b16818b3677e.zip (0.64 MB) to /tmp/zipdeploy/extracted" date="2025-12-13T06:58:25.224" >
      <step title="ChmodRecursive Process exited with total time taken in ms: 163" date="2025-12-13T06:58:25.690" /><!-- duration: 16ms -->
    </step><!-- duration: 491ms -->
    <step title="Deployment timer started" date="2025-12-13T06:58:27.741" >
      <step title="DeploymentManager.Deploy(id:9a5a8174-b055-4f4c-8527-50723ca83b2d)" date="2025-12-13T06:58:27.771" >
        <step title="Collecting changeset information" date="2025-12-13T06:58:27.860" /><!-- duration: 259ms -->
        <step title="Updating submodules" date="2025-12-13T06:58:28.134" /><!-- duration: 1230ms -->
        <step title="Determining deployment builder" date="2025-12-13T06:58:29.618" >
          <step title="Builder is OryxBuilder" date="2025-12-13T06:58:29.668" /><!-- duration: 45ms -->
        </step><!-- duration: 115ms -->
        <step title="PreDeployment: context.CleanOutputPath False" date="2025-12-13T06:58:29.865" >
          <step title="PreDeployment: context.OutputPath /home/site/wwwroot" date="2025-12-13T06:58:30.068" >
            <step title="Building" date="2025-12-13T06:58:30.310" >
              <step title="Executing external process" date="2025-12-13T06:58:30.829" type="process" path="bash" arguments="-c &quot;oryx build /tmp/zipdeploy/extracted -o /home/site/wwwroot --platform python --platform-version 3.12 -p virtualenv_name=antenv --log-file /tmp/build-debug.log  -i /tmp/8de3a1505b6618d --compress-destination-dir | tee /tmp/oryx-build.log ; exit $PIPESTATUS &quot;" /><!-- duration: 61297ms -->
              <step title="Using PythonDeploymentLogParser" date="2025-12-13T06:59:32.574" /><!-- duration: 20ms -->
              <step title="Triggering recycle (preview mode disabled)." date="2025-12-13T06:59:34.562" /><!-- duration: 13ms -->
              <step title="Modified file to trigger a restart of the app container." date="2025-12-13T06:59:34.672" /><!-- duration: 19ms -->
              <step title="Skip function trigger and logicapp sync because function is not enabled." date="2025-12-13T06:59:34.723" /><!-- duration: 22ms -->
            </step><!-- duration: 65961ms -->
          </step><!-- duration: 66211ms -->
          <step title="Cleaning up temp files" date="2025-12-13T06:59:36.286" /><!-- duration: 423ms -->
          <step title="Cleaning up temp files" date="2025-12-13T06:59:36.716" /><!-- duration: 508ms -->
          <step title="Reloading status file with latest updates" date="2025-12-13T06:59:37.313" >
            <step title="WebHooksManager.PublishEventAsync: PostDeployment" date="2025-12-13T06:59:37.334" /><!-- duration: 63ms -->
          </step><!-- duration: 91ms -->
          <step title="Cleaning up temporary deployment - fetch deployment was successful" date="2025-12-13T06:59:37.417" /><!-- duration: 7ms -->
        </step><!-- duration: 67631ms -->
      </step><!-- duration: 69757ms -->
