﻿<?xml version="1.0" encoding="utf-8"?>
<deployment>
  <id>db79d71d-97a4-4226-b741-e03e1392f93d</id>
  <author>N/A</author>
  <deployer>GITHUB_ZIP_DEPLOY</deployer>
  <authorEmail>N/A</authorEmail>
  <message>{"type":"deployment","sha":"e23c84eb23403274f4d34a5b6ad2a6487dbea52c","repoName":"ganeshba5/igtaccounting","actor":"ganeshba5","slotName":"production","commitMessage":"Merge branch 'main' of github.com:ganeshba5/igtaccounting\nAzure deployment settings in githhub actions"}</message>
  <progress></progress>
  <status>Success</status>
  <statusText></statusText>
  <lastSuccessEndTime>2025-12-12T22:38:41.6464102Z</lastSuccessEndTime>
  <receivedTime>2025-12-12T22:38:29.0892136Z</receivedTime>
  <startTime>2025-12-12T22:38:30.6252281Z</startTime>
  <endTime>2025-12-12T22:38:41.6464102Z</endTime>
  <complete>True</complete>
  <is_temp>False</is_temp>
  <is_readonly>True</is_readonly>
  <buildSummary />
</deployment>