﻿<?xml version="1.0" encoding="utf-8"?>
<deployment>
  <id>6a81db75-d796-4f2f-8daf-ecba791dab8d</id>
  <author>N/A</author>
  <deployer>GITHUB_ZIP_DEPLOY</deployer>
  <authorEmail>N/A</authorEmail>
  <message>{"type":"deployment","sha":"deb78f926738d4be90e72426b64f1121aaf0e44d","repoName":"ganeshba5/igtaccounting","actor":"ganeshba5","slotName":"production","commitMessage":"Azure deployment troubleshooting"}</message>
  <progress></progress>
  <status>Success</status>
  <statusText></statusText>
  <lastSuccessEndTime>2025-12-13T01:06:31.0497896Z</lastSuccessEndTime>
  <receivedTime>2025-12-13T01:06:23.0858406Z</receivedTime>
  <startTime>2025-12-13T01:06:24.5195529Z</startTime>
  <endTime>2025-12-13T01:06:31.0497896Z</endTime>
  <complete>True</complete>
  <is_temp>False</is_temp>
  <is_readonly>True</is_readonly>
  <buildSummary />
</deployment>