<step title="BackgroundTrace" date="2025-12-13T01:10:00.102" instance="9e89c1" url="/api/zipdeploy" method="POST" >
  <step title="Creating temporary deployment - FetchDeploymentManager" date="2025-12-13T01:10:00.170" /><!-- duration: 5ms -->
  <step title="Creating temporary deployment" date="2025-12-13T01:10:00.182" /><!-- duration: 73ms -->
  <step title="Performing fetch based deployment" date="2025-12-13T01:10:00.318" >
    <step title="Cleaning up temp folders from previous zip deployments and extracting pushed zip file /tmp/zipdeploy/08231e6f-db17-47e6-b9af-01f87853eda2.zip (0.57 MB) to /tmp/zipdeploy/extracted" date="2025-12-13T01:10:01.531" >
      <step title="ChmodRecursive Process exited with total time taken in ms: 20" date="2025-12-13T01:10:01.750" /><!-- duration: 9ms -->
    </step><!-- duration: 235ms -->
    <step title="Deployment timer started" date="2025-12-13T01:10:03.780" >
      <step title="DeploymentManager.Deploy(id:e66912a3-38fa-4076-bf2d-d469ff24b366)" date="2025-12-13T01:10:03.795" >
        <step title="Collecting changeset information" date="2025-12-13T01:10:03.819" /><!-- duration: 109ms -->
        <step title="Updating submodules" date="2025-12-13T01:10:03.948" /><!-- duration: 1184ms -->
        <step title="Determining deployment builder" date="2025-12-13T01:10:05.381" >
          <step title="Builder is BasicBuilder" date="2025-12-13T01:10:05.401" /><!-- duration: 8ms -->
        </step><!-- duration: 37ms -->
        <step title="PreDeployment: context.CleanOutputPath False" date="2025-12-13T01:10:05.487" >
          <step title="PreDeployment: context.OutputPath /home/site/wwwroot" date="2025-12-13T01:10:05.651" >
            <step title="Building" date="2025-12-13T01:10:05.885" >
              <step title="Executing external process" date="2025-12-13T01:10:06.231" type="process" path="starter.sh" arguments="/opt/Kudu/Scripts/parallel_rsync.sh /tmp/zipdeploy/extracted /home/site/wwwroot 8 /tmp/ False True  " /><!-- duration: 4122ms -->
              <step title="Triggering recycle (preview mode disabled)." date="2025-12-13T01:10:10.668" /><!-- duration: 12ms -->
              <step title="Modified file to trigger a restart of the app container." date="2025-12-13T01:10:10.720" /><!-- duration: 7ms -->
              <step title="Skip function trigger and logicapp sync because function is not enabled." date="2025-12-13T01:10:10.734" /><!-- duration: 9ms -->
            </step><!-- duration: 5859ms -->
          </step><!-- duration: 6109ms -->
          <step title="Cleaning up temp files" date="2025-12-13T01:10:11.766" /><!-- duration: 8ms -->
          <step title="Cleaning up temp files" date="2025-12-13T01:10:11.783" /><!-- duration: 512ms -->
          <step title="Reloading status file with latest updates" date="2025-12-13T01:10:12.368" >
            <step title="WebHooksManager.PublishEventAsync: PostDeployment" date="2025-12-13T01:10:12.379" /><!-- duration: 32ms -->
          </step><!-- duration: 49ms -->
          <step title="Cleaning up temporary deployment - fetch deployment was successful" date="2025-12-13T01:10:12.428" /><!-- duration: 7ms -->
        </step><!-- duration: 7058ms -->
      </step><!-- duration: 8782ms -->
