﻿<?xml version="1.0" encoding="utf-8"?>
<deployment>
  <id>61077e31-7cda-4fb2-98ac-c62ac153d907</id>
  <author>N/A</author>
  <deployer>GITHUB_ZIP_DEPLOY</deployer>
  <authorEmail>N/A</authorEmail>
  <message>{"type":"deployment","sha":"8ba190bf416ffcf61345d6df97818f6f3e13cc9e","repoName":"ganeshba5/igtaccounting","actor":"ganeshba5","slotName":"production","commitMessage":"Fix: Add custom domain to CORS allowed origins"}</message>
  <progress></progress>
  <status>Success</status>
  <statusText></statusText>
  <lastSuccessEndTime>2025-12-13T06:41:28.6391801Z</lastSuccessEndTime>
  <receivedTime>2025-12-13T06:39:12.339825Z</receivedTime>
  <startTime>2025-12-13T06:39:14.015526Z</startTime>
  <endTime>2025-12-13T06:41:28.6391801Z</endTime>
  <complete>True</complete>
  <is_temp>False</is_temp>
  <is_readonly>True</is_readonly>
  <buildSummary />
</deployment>