<step title="Incoming Request" date="2025-12-13T06:58:38.636" instance="b4f4bd" url="/api/zipdeploy?isAsync=true&amp;deployer=GITHUB_ZIP_DEPLOY&amp;message=%7B%22type%22%3A%22deployment%22%2C%22sha%22%3A%22137877853b80dbf445198f1e5847305e077805f9%22%2C%22repoName%22%3A%22ganeshba5%2Figtaccounting%22%2C%22actor%22%3A%22ganeshba5%22%2C%22slotName%22%3A%22production%22%2C%22commitMessage%22%3A%22Fix%3A%20Correct%20CORS%20fallback%20syntax%20error%22%7D" method="POST" type="request" pid="770,1,35" Host="igtacct-api-azaghzb4chhagvc3.scm.eastus-01.azurewebsites.net" User-Agent="GITHUBACTIONS_DeployWebAppToAzure_896b495d69d18a47268ec3cbd86451cf31d17392f2b6ce9a44cf0cad388b0727" Authorization="Bea..." Content-Type="application/octet-stream" Cookie="ARRAffinity=b4f4bdf7a0f4891ddf10f445d59660450c27445fa2cf77c0a1a8154f4ceae2b1;Path=/;HttpOnly;Secure;Domain=igtacct-api-azaghzb4chhagvc3.scm.eastus-01.azurewebsites.net; ARRAffinitySameSite=b4f4bdf7a0f4891ddf10f445d59660450c27445fa2cf77c0a1a8154f4ceae2b1;Path=/;HttpOnly;SameSite=None;Secure;Domain=igtacct-api-azaghzb4chhagvc3.scm.eastus-01.azurewebsites.net" Transfer-Encoding="chunked" X-ARR-LOG-ID="ca15fea8-8c6e-4f1d-8241-b2aa3488e08e" CLIENT-IP="135.232.177.160:37888" X-SITE-DEPLOYMENT-ID="igtacct-api" WAS-DEFAULT-HOSTNAME="igtacct-api-azaghzb4chhagvc3.scm.eastus-01.azurewebsites.net" X-Forwarded-Proto="https" X-AppService-Proto="https" X-Forwarded-TlsVersion="1.3" X-WAWS-Unencoded-URL="/api/zipdeploy?isAsync=true&amp;deployer=GITHUB_ZIP_DEPLOY&amp;message=%7B%22type%22%3A%22deployment%22%2C%22sha%22%3A%22137877853b80dbf445198f1e5847305e077805f9%22%2C%22repoName%22%3A%22ganeshba5%2Figtaccounting%22%2C%22actor%22%3A%22ganeshba5%22%2C%22slotName%22%3A%22production%22%2C%22commitMessage%22%3A%22Fix%3A%20Correct%20CORS%20fallback%20syntax%20error%22%7D" X-Client-IP="135.232.177.160" X-Client-Port="37888" >
  <step title="Cleanup Xml Logs" date="2025-12-13T06:58:38.657" /><!-- duration: 40ms -->
  <step title="ZipPushDeploy" date="2025-12-13T06:58:38.750" >
    <step title="ZipDeploy. Extract zip. Remote build." date="2025-12-13T06:58:38.910" /><!-- duration: 40ms -->
    <step title="Starting PushDeployAsync" date="2025-12-13T06:58:38.987" /><!-- duration: 20ms -->
    <step title="Writing artifact to /tmp/zipdeploy/75aa732d-eab7-461e-bee3-459c36438977.zip" date="2025-12-13T06:58:39.107" >
      <step title="Writing multipart request body to /tmp/zipdeploy/75aa732d-eab7-461e-bee3-459c36438977.zip" date="2025-12-13T06:58:39.129" /><!-- duration: 32ms -->
    </step><!-- duration: 199ms -->
    <step title="Start deployment in the background" date="2025-12-13T06:58:39.350" >
      <step title="Acquiring Deployment Lock" date="2025-12-13T06:58:39.441" /><!-- duration: 38ms -->
      <step title="Cannot Acquire Deployment Lock already held" date="2025-12-13T06:58:39.518" /><!-- duration: 13ms -->
    </step><!-- duration: 301ms -->
    <step title="There is a deployment currently in progress. Please try again when it completes." date="2025-12-13T06:58:39.758" /><!-- duration: 22ms -->
  </step><!-- duration: 1051ms -->
  <step title="Outgoing response" date="2025-12-13T06:58:39.880" type="response" statusCode="409" statusText="Conflict" /><!-- duration: 20ms -->
</step><!-- duration: 1286ms -->
