<step title="BackgroundTrace" date="2025-12-13T01:06:19.085" instance="9e89c1" url="/api/zipdeploy" method="POST" >
  <step title="Creating temporary deployment - FetchDeploymentManager" date="2025-12-13T01:06:19.176" /><!-- duration: 5ms -->
  <step title="Creating temporary deployment" date="2025-12-13T01:06:19.190" /><!-- duration: 70ms -->
  <step title="Performing fetch based deployment" date="2025-12-13T01:06:19.334" >
    <step title="Cleaning up temp folders from previous zip deployments and extracting pushed zip file /tmp/zipdeploy/176e33b3-3514-4d44-a67a-972887ef5c0e.zip (0.57 MB) to /tmp/zipdeploy/extracted" date="2025-12-13T01:06:20.545" >
      <step title="ChmodRecursive Process exited with total time taken in ms: 238" date="2025-12-13T01:06:20.953" /><!-- duration: 10ms -->
    </step><!-- duration: 431ms -->
    <step title="Deployment timer started" date="2025-12-13T01:06:22.993" >
      <step title="DeploymentManager.Deploy(id:6a81db75-d796-4f2f-8daf-ecba791dab8d)" date="2025-12-13T01:06:23.004" >
        <step title="Collecting changeset information" date="2025-12-13T01:06:23.047" /><!-- duration: 114ms -->
        <step title="Updating submodules" date="2025-12-13T01:06:23.173" /><!-- duration: 1161ms -->
        <step title="Determining deployment builder" date="2025-12-13T01:06:24.594" >
          <step title="Builder is BasicBuilder" date="2025-12-13T01:06:24.611" /><!-- duration: 8ms -->
        </step><!-- duration: 36ms -->
        <step title="PreDeployment: context.CleanOutputPath False" date="2025-12-13T01:06:24.692" >
          <step title="PreDeployment: context.OutputPath /home/site/wwwroot" date="2025-12-13T01:06:24.853" >
            <step title="Building" date="2025-12-13T01:06:25.022" >
              <step title="Executing external process" date="2025-12-13T01:06:25.407" type="process" path="starter.sh" arguments="/opt/Kudu/Scripts/parallel_rsync.sh /tmp/zipdeploy/extracted /home/site/wwwroot 8 /tmp/ False True  " /><!-- duration: 4793ms -->
              <step title="Triggering recycle (preview mode disabled)." date="2025-12-13T01:06:30.519" /><!-- duration: 8ms -->
              <step title="Modified file to trigger a restart of the app container." date="2025-12-13T01:06:30.582" /><!-- duration: 8ms -->
              <step title="Skip function trigger and logicapp sync because function is not enabled." date="2025-12-13T01:06:30.600" /><!-- duration: 7ms -->
            </step><!-- duration: 6510ms -->
          </step><!-- duration: 6695ms -->
          <step title="Cleaning up temp files" date="2025-12-13T01:06:31.558" /><!-- duration: 10ms -->
          <step title="Cleaning up temp files" date="2025-12-13T01:06:31.575" /><!-- duration: 514ms -->
          <step title="Reloading status file with latest updates" date="2025-12-13T01:06:32.169" >
            <step title="WebHooksManager.PublishEventAsync: PostDeployment" date="2025-12-13T01:06:32.181" /><!-- duration: 46ms -->
          </step><!-- duration: 67ms -->
          <step title="Cleaning up temporary deployment - fetch deployment was successful" date="2025-12-13T01:06:32.246" /><!-- duration: 7ms -->
        </step><!-- duration: 7646ms -->
      </step><!-- duration: 9366ms -->
